,n_file,chunksize,mean_filesize,time_single_thread,time_multiprocessing
0,11,500000,55.48005823655562,171.05374360084534,120.7417345046997
1,51,100000,12.304288228352865,270.89462637901306,152.73262763023376
2,102,50000,6.296214141097724,292.42092084884644,182.27016401290894
3,204,25000,3.2793050607045493,388.06306433677673,182.25223112106323
4,510,10000,1.396776835123698,542.1745867729187,199.77225947380066
5,5096,1000,0.23378322599821225,2492.2762501239777,1031.7506937980652
